Measure,Scenario,Period,Strategy,WYear,Value
GID Shortages,CT,2020s,PishkunAdd30kAcFt,1951,95884.2918643
GID Shortages,CT,2020s,PishkunAdd30kAcFt,1952,479968.4408434
GID Shortages,CT,2020s,PishkunAdd30kAcFt,1953,180384.9336964
GID Shortages,CT,2020s,PishkunAdd30kAcFt,1954,265174.3885952
GID Shortages,CT,2020s,PishkunAdd30kAcFt,1955,21582.8511192
GID Shortages,CT,2020s,PishkunAdd30kAcFt,1956,356048.336066
GID Shortages,CT,2020s,PishkunAdd30kAcFt,1957,190364.2472992
GID Shortages,CT,2020s,PishkunAdd30kAcFt,1958,62365.7116731
GID Shortages,CT,2020s,PishkunAdd30kAcFt,1959,373501.9398351
GID Shortages,CT,2020s,PishkunAdd30kAcFt,1960,462584.2386896
GID Shortages,CT,2020s,PishkunAdd30kAcFt,1961,842611.0014367
GID Shortages,CT,2020s,PishkunAdd30kAcFt,1962,290886.3482216
GID Shortages,CT,2020s,PishkunAdd30kAcFt,1963,357903.5945652
GID Shortages,CT,2020s,PishkunAdd30kAcFt,1964,106479.9687696
GID Shortages,CT,2020s,PishkunAdd30kAcFt,1965,41554.8072432
GID Shortages,CT,2020s,PishkunAdd30kAcFt,1966,327901.4488329
GID Shortages,CT,2020s,PishkunAdd30kAcFt,1967,450861.9904937
GID Shortages,CT,2020s,PishkunAdd30kAcFt,1968,324988.9214849
GID Shortages,CT,2020s,PishkunAdd30kAcFt,1969,205876.8074916
GID Shortages,CT,2020s,PishkunAdd30kAcFt,1970,120835.0155394
GID Shortages,CT,2020s,PishkunAdd30kAcFt,1971,499876.291217
GID Shortages,CT,2020s,PishkunAdd30kAcFt,1972,397340.1748566
GID Shortages,CT,2020s,PishkunAdd30kAcFt,1973,704350.0317
GID Shortages,CT,2020s,PishkunAdd30kAcFt,1974,448892.0675938
GID Shortages,CT,2020s,PishkunAdd30kAcFt,1975,42040.5987156
GID Shortages,CT,2020s,PishkunAdd30kAcFt,1976,268983.5633914
GID Shortages,CT,2020s,PishkunAdd30kAcFt,1977,299926.9648122
GID Shortages,CT,2020s,PishkunAdd30kAcFt,1978,110678.3400492
GID Shortages,CT,2020s,PishkunAdd30kAcFt,1979,457668.446311
GID Shortages,CT,2020s,PishkunAdd30kAcFt,1980,154248.0751266
GID Shortages,CT,2020s,PishkunAdd30kAcFt,1981,315265.1383222
GID Shortages,CT,2020s,PishkunAdd30kAcFt,1982,158494.9819171
GID Shortages,CT,2020s,PishkunAdd30kAcFt,1983,409430.1187211
GID Shortages,CT,2020s,PishkunAdd30kAcFt,1984,453280.1181095
GID Shortages,CT,2020s,PishkunAdd30kAcFt,1985,627309.5378931
GID Shortages,CT,2020s,PishkunAdd30kAcFt,1986,506918.2840968
GID Shortages,CT,2020s,PishkunAdd30kAcFt,1987,185385.5590869
GID Shortages,CT,2020s,PishkunAdd30kAcFt,1988,378066.4596767
GID Shortages,CT,2020s,PishkunAdd30kAcFt,1989,93688.2533844
GID Shortages,CT,2020s,PishkunAdd30kAcFt,1990,268946.1353125
GID Shortages,CT,2020s,PishkunAdd30kAcFt,1991,182157.2038108
GID Shortages,CT,2020s,PishkunAdd30kAcFt,1992,400650.625956
GID Shortages,CT,2020s,PishkunAdd30kAcFt,1993,92362.0260036
GID Shortages,CT,2020s,PishkunAdd30kAcFt,1994,344303.4366427
GID Shortages,CT,2020s,PishkunAdd30kAcFt,1995,131511.9552106
GID Shortages,CT,2020s,PishkunAdd30kAcFt,1996,154624.6567408
GID Shortages,CT,2020s,PishkunAdd30kAcFt,1997,112148.964046
GID Shortages,CT,2020s,PishkunAdd30kAcFt,1998,177931.539984
GID Shortages,CT,2020s,PishkunAdd30kAcFt,1999,178903.3609452
GID Shortages,CT,2050s,PishkunAdd30kAcFt,1951,215326.9312984
GID Shortages,CT,2050s,PishkunAdd30kAcFt,1952,639836.0038352
GID Shortages,CT,2050s,PishkunAdd30kAcFt,1953,442648.9370912
GID Shortages,CT,2050s,PishkunAdd30kAcFt,1954,590844.3940087
GID Shortages,CT,2050s,PishkunAdd30kAcFt,1955,114551.2239018
GID Shortages,CT,2050s,PishkunAdd30kAcFt,1956,521959.7106601
GID Shortages,CT,2050s,PishkunAdd30kAcFt,1957,235143.7602337
GID Shortages,CT,2050s,PishkunAdd30kAcFt,1958,245291.3315966
GID Shortages,CT,2050s,PishkunAdd30kAcFt,1959,615316.7047198
GID Shortages,CT,2050s,PishkunAdd30kAcFt,1960,539421.5656644
GID Shortages,CT,2050s,PishkunAdd30kAcFt,1961,790669.7138691
GID Shortages,CT,2050s,PishkunAdd30kAcFt,1962,404162.4389298
GID Shortages,CT,2050s,PishkunAdd30kAcFt,1963,692086.6730534
GID Shortages,CT,2050s,PishkunAdd30kAcFt,1964,166598.0320734
GID Shortages,CT,2050s,PishkunAdd30kAcFt,1965,152204.8630102
GID Shortages,CT,2050s,PishkunAdd30kAcFt,1966,482671.8906187
GID Shortages,CT,2050s,PishkunAdd30kAcFt,1967,545624.8879241
GID Shortages,CT,2050s,PishkunAdd30kAcFt,1968,508876.4053502
GID Shortages,CT,2050s,PishkunAdd30kAcFt,1969,345921.2737829
GID Shortages,CT,2050s,PishkunAdd30kAcFt,1970,422070.1779901
GID Shortages,CT,2050s,PishkunAdd30kAcFt,1971,708441.8708059
GID Shortages,CT,2050s,PishkunAdd30kAcFt,1972,628612.9355342
GID Shortages,CT,2050s,PishkunAdd30kAcFt,1973,882490.8476037
GID Shortages,CT,2050s,PishkunAdd30kAcFt,1974,642026.0919051
GID Shortages,CT,2050s,PishkunAdd30kAcFt,1975,109953.3222601
GID Shortages,CT,2050s,PishkunAdd30kAcFt,1976,501879.0405454
GID Shortages,CT,2050s,PishkunAdd30kAcFt,1977,378383.7553726
GID Shortages,CT,2050s,PishkunAdd30kAcFt,1978,139925.9737935
GID Shortages,CT,2050s,PishkunAdd30kAcFt,1979,661064.6072124
GID Shortages,CT,2050s,PishkunAdd30kAcFt,1980,234802.4645508
GID Shortages,CT,2050s,PishkunAdd30kAcFt,1981,357021.3669439
GID Shortages,CT,2050s,PishkunAdd30kAcFt,1982,319546.2996396
GID Shortages,CT,2050s,PishkunAdd30kAcFt,1983,575638.2402619
GID Shortages,CT,2050s,PishkunAdd30kAcFt,1984,779742.9759861
GID Shortages,CT,2050s,PishkunAdd30kAcFt,1985,595991.2011382
GID Shortages,CT,2050s,PishkunAdd30kAcFt,1986,674498.7288612
GID Shortages,CT,2050s,PishkunAdd30kAcFt,1987,353900.63475
GID Shortages,CT,2050s,PishkunAdd30kAcFt,1988,508144.5445896
GID Shortages,CT,2050s,PishkunAdd30kAcFt,1989,133053.0717312
GID Shortages,CT,2050s,PishkunAdd30kAcFt,1990,406435.2575334
GID Shortages,CT,2050s,PishkunAdd30kAcFt,1991,374227.1758059
GID Shortages,CT,2050s,PishkunAdd30kAcFt,1992,715946.8650878
GID Shortages,CT,2050s,PishkunAdd30kAcFt,1993,115067.1244488
GID Shortages,CT,2050s,PishkunAdd30kAcFt,1994,546491.9816693
GID Shortages,CT,2050s,PishkunAdd30kAcFt,1995,187073.5118916
GID Shortages,CT,2050s,PishkunAdd30kAcFt,1996,370771.6735454
GID Shortages,CT,2050s,PishkunAdd30kAcFt,1997,109948.3834198
GID Shortages,CT,2050s,PishkunAdd30kAcFt,1998,306801.5924934
GID Shortages,CT,2050s,PishkunAdd30kAcFt,1999,459733.4170933
GID Shortages,CT,2080s,PishkunAdd30kAcFt,1951,183285.7585714
GID Shortages,CT,2080s,PishkunAdd30kAcFt,1952,771385.0896042
GID Shortages,CT,2080s,PishkunAdd30kAcFt,1953,601200.8049279
GID Shortages,CT,2080s,PishkunAdd30kAcFt,1954,682271.6106013
GID Shortages,CT,2080s,PishkunAdd30kAcFt,1955,154406.2171897
GID Shortages,CT,2080s,PishkunAdd30kAcFt,1956,594947.0430261
GID Shortages,CT,2080s,PishkunAdd30kAcFt,1957,450733.4814724
GID Shortages,CT,2080s,PishkunAdd30kAcFt,1958,200344.8699922
GID Shortages,CT,2080s,PishkunAdd30kAcFt,1959,733176.5747633
GID Shortages,CT,2080s,PishkunAdd30kAcFt,1960,739756.557976
GID Shortages,CT,2080s,PishkunAdd30kAcFt,1961,819712.5146665
GID Shortages,CT,2080s,PishkunAdd30kAcFt,1962,476525.0575846
GID Shortages,CT,2080s,PishkunAdd30kAcFt,1963,760920.2423801
GID Shortages,CT,2080s,PishkunAdd30kAcFt,1964,234586.583676
GID Shortages,CT,2080s,PishkunAdd30kAcFt,1965,145999.2399253
GID Shortages,CT,2080s,PishkunAdd30kAcFt,1966,569332.0354133
GID Shortages,CT,2080s,PishkunAdd30kAcFt,1967,645959.0748987
GID Shortages,CT,2080s,PishkunAdd30kAcFt,1968,562126.0690686
GID Shortages,CT,2080s,PishkunAdd30kAcFt,1969,421662.515401
GID Shortages,CT,2080s,PishkunAdd30kAcFt,1970,585199.2598764
GID Shortages,CT,2080s,PishkunAdd30kAcFt,1971,900294.5933319
GID Shortages,CT,2080s,PishkunAdd30kAcFt,1972,674235.0661941
GID Shortages,CT,2080s,PishkunAdd30kAcFt,1973,1028894.6360702
GID Shortages,CT,2080s,PishkunAdd30kAcFt,1974,703746.5411178
GID Shortages,CT,2080s,PishkunAdd30kAcFt,1975,123113.387859
GID Shortages,CT,2080s,PishkunAdd30kAcFt,1976,583833.3630956
GID Shortages,CT,2080s,PishkunAdd30kAcFt,1977,532227.3612968
GID Shortages,CT,2080s,PishkunAdd30kAcFt,1978,188879.4414919
GID Shortages,CT,2080s,PishkunAdd30kAcFt,1979,819328.614048
GID Shortages,CT,2080s,PishkunAdd30kAcFt,1980,289801.7471562
GID Shortages,CT,2080s,PishkunAdd30kAcFt,1981,478140.435222
GID Shortages,CT,2080s,PishkunAdd30kAcFt,1982,438407.4253391
GID Shortages,CT,2080s,PishkunAdd30kAcFt,1983,695415.0547216
GID Shortages,CT,2080s,PishkunAdd30kAcFt,1984,1050771.8936415
GID Shortages,CT,2080s,PishkunAdd30kAcFt,1985,704504.9605417
GID Shortages,CT,2080s,PishkunAdd30kAcFt,1986,806752.0456537
GID Shortages,CT,2080s,PishkunAdd30kAcFt,1987,403071.0742317
GID Shortages,CT,2080s,PishkunAdd30kAcFt,1988,701738.0793958
GID Shortages,CT,2080s,PishkunAdd30kAcFt,1989,150266.1797628
GID Shortages,CT,2080s,PishkunAdd30kAcFt,1990,605750.547918
GID Shortages,CT,2080s,PishkunAdd30kAcFt,1991,522397.3038115
GID Shortages,CT,2080s,PishkunAdd30kAcFt,1992,685865.4003902
GID Shortages,CT,2080s,PishkunAdd30kAcFt,1993,129082.4821464
GID Shortages,CT,2080s,PishkunAdd30kAcFt,1994,720419.6692766
GID Shortages,CT,2080s,PishkunAdd30kAcFt,1995,250268.8297269
GID Shortages,CT,2080s,PishkunAdd30kAcFt,1996,470828.1350506
GID Shortages,CT,2080s,PishkunAdd30kAcFt,1997,255802.770531
GID Shortages,CT,2080s,PishkunAdd30kAcFt,1998,491583.7205022
GID Shortages,CT,2080s,PishkunAdd30kAcFt,1999,493791.8779838
GID Shortages,HD,2020s,PishkunAdd30kAcFt,1951,128884.7896915
GID Shortages,HD,2020s,PishkunAdd30kAcFt,1952,435738.1309172
GID Shortages,HD,2020s,PishkunAdd30kAcFt,1953,406793.0755214
GID Shortages,HD,2020s,PishkunAdd30kAcFt,1954,283517.7373369
GID Shortages,HD,2020s,PishkunAdd30kAcFt,1955,69200.9278054
GID Shortages,HD,2020s,PishkunAdd30kAcFt,1956,310392.7442672
GID Shortages,HD,2020s,PishkunAdd30kAcFt,1957,188821.583672
GID Shortages,HD,2020s,PishkunAdd30kAcFt,1958,144752.4108486
GID Shortages,HD,2020s,PishkunAdd30kAcFt,1959,461526.5334774
GID Shortages,HD,2020s,PishkunAdd30kAcFt,1960,693660.9531924
GID Shortages,HD,2020s,PishkunAdd30kAcFt,1961,684148.5087582
GID Shortages,HD,2020s,PishkunAdd30kAcFt,1962,396715.5206495
GID Shortages,HD,2020s,PishkunAdd30kAcFt,1963,670628.5226931
GID Shortages,HD,2020s,PishkunAdd30kAcFt,1964,129206.8655501
GID Shortages,HD,2020s,PishkunAdd30kAcFt,1965,146551.9933449
GID Shortages,HD,2020s,PishkunAdd30kAcFt,1966,335965.8609936
GID Shortages,HD,2020s,PishkunAdd30kAcFt,1967,481843.4150344
GID Shortages,HD,2020s,PishkunAdd30kAcFt,1968,363919.5185793
GID Shortages,HD,2020s,PishkunAdd30kAcFt,1969,395741.2798549
GID Shortages,HD,2020s,PishkunAdd30kAcFt,1970,292136.370685
GID Shortages,HD,2020s,PishkunAdd30kAcFt,1971,532142.0522521
GID Shortages,HD,2020s,PishkunAdd30kAcFt,1972,476378.5386557
GID Shortages,HD,2020s,PishkunAdd30kAcFt,1973,840121.8854296
GID Shortages,HD,2020s,PishkunAdd30kAcFt,1974,593830.9642918
GID Shortages,HD,2020s,PishkunAdd30kAcFt,1975,56122.3629888
GID Shortages,HD,2020s,PishkunAdd30kAcFt,1976,325146.9048704
GID Shortages,HD,2020s,PishkunAdd30kAcFt,1977,329067.9077052
GID Shortages,HD,2020s,PishkunAdd30kAcFt,1978,129305.979546
GID Shortages,HD,2020s,PishkunAdd30kAcFt,1979,612170.445267
GID Shortages,HD,2020s,PishkunAdd30kAcFt,1980,336995.5794441
GID Shortages,HD,2020s,PishkunAdd30kAcFt,1981,393031.125951
GID Shortages,HD,2020s,PishkunAdd30kAcFt,1982,197281.6584283
GID Shortages,HD,2020s,PishkunAdd30kAcFt,1983,417518.4911994
GID Shortages,HD,2020s,PishkunAdd30kAcFt,1984,678869.8603778
GID Shortages,HD,2020s,PishkunAdd30kAcFt,1985,583802.7383188
GID Shortages,HD,2020s,PishkunAdd30kAcFt,1986,641684.1813465
GID Shortages,HD,2020s,PishkunAdd30kAcFt,1987,329769.342036
GID Shortages,HD,2020s,PishkunAdd30kAcFt,1988,551897.0167581
GID Shortages,HD,2020s,PishkunAdd30kAcFt,1989,155413.006727
GID Shortages,HD,2020s,PishkunAdd30kAcFt,1990,268869.5733705
GID Shortages,HD,2020s,PishkunAdd30kAcFt,1991,375334.9636356
GID Shortages,HD,2020s,PishkunAdd30kAcFt,1992,558662.2362341
GID Shortages,HD,2020s,PishkunAdd30kAcFt,1993,141489.840715
GID Shortages,HD,2020s,PishkunAdd30kAcFt,1994,411384.6895632
GID Shortages,HD,2020s,PishkunAdd30kAcFt,1995,135659.3314765
GID Shortages,HD,2020s,PishkunAdd30kAcFt,1996,325017.9991551
GID Shortages,HD,2020s,PishkunAdd30kAcFt,1997,135552.3827741
GID Shortages,HD,2020s,PishkunAdd30kAcFt,1998,275322.5946685
GID Shortages,HD,2020s,PishkunAdd30kAcFt,1999,375920.8211695
GID Shortages,HD,2050s,PishkunAdd30kAcFt,1951,395959.1441997
GID Shortages,HD,2050s,PishkunAdd30kAcFt,1952,796567.2842283
GID Shortages,HD,2050s,PishkunAdd30kAcFt,1953,514579.952674
GID Shortages,HD,2050s,PishkunAdd30kAcFt,1954,639445.9941291
GID Shortages,HD,2050s,PishkunAdd30kAcFt,1955,156853.005947
GID Shortages,HD,2050s,PishkunAdd30kAcFt,1956,667752.7688789
GID Shortages,HD,2050s,PishkunAdd30kAcFt,1957,458711.6126881
GID Shortages,HD,2050s,PishkunAdd30kAcFt,1958,230023.5911063
GID Shortages,HD,2050s,PishkunAdd30kAcFt,1959,826134.4549896
GID Shortages,HD,2050s,PishkunAdd30kAcFt,1960,806673.2423906
GID Shortages,HD,2050s,PishkunAdd30kAcFt,1961,982004.6515516
GID Shortages,HD,2050s,PishkunAdd30kAcFt,1962,521283.8432576
GID Shortages,HD,2050s,PishkunAdd30kAcFt,1963,857572.2363079
GID Shortages,HD,2050s,PishkunAdd30kAcFt,1964,234729.1356649
GID Shortages,HD,2050s,PishkunAdd30kAcFt,1965,382272.6854975
GID Shortages,HD,2050s,PishkunAdd30kAcFt,1966,832900.0909943
GID Shortages,HD,2050s,PishkunAdd30kAcFt,1967,663613.128146
GID Shortages,HD,2050s,PishkunAdd30kAcFt,1968,642862.0451713
GID Shortages,HD,2050s,PishkunAdd30kAcFt,1969,495955.6652415
GID Shortages,HD,2050s,PishkunAdd30kAcFt,1970,651292.9232492
GID Shortages,HD,2050s,PishkunAdd30kAcFt,1971,941172.0455701
GID Shortages,HD,2050s,PishkunAdd30kAcFt,1972,793624.9849956
GID Shortages,HD,2050s,PishkunAdd30kAcFt,1973,1088141.8767052
GID Shortages,HD,2050s,PishkunAdd30kAcFt,1974,970579.9436904
GID Shortages,HD,2050s,PishkunAdd30kAcFt,1975,140071.3026404
GID Shortages,HD,2050s,PishkunAdd30kAcFt,1976,597481.0052899
GID Shortages,HD,2050s,PishkunAdd30kAcFt,1977,736663.5546927
GID Shortages,HD,2050s,PishkunAdd30kAcFt,1978,244491.636162
GID Shortages,HD,2050s,PishkunAdd30kAcFt,1979,937976.7547389
GID Shortages,HD,2050s,PishkunAdd30kAcFt,1980,454719.1652639
GID Shortages,HD,2050s,PishkunAdd30kAcFt,1981,526316.7992091
GID Shortages,HD,2050s,PishkunAdd30kAcFt,1982,434998.8718135
GID Shortages,HD,2050s,PishkunAdd30kAcFt,1983,806227.9335409
GID Shortages,HD,2050s,PishkunAdd30kAcFt,1984,1023527.7232748
GID Shortages,HD,2050s,PishkunAdd30kAcFt,1985,686426.9802513
GID Shortages,HD,2050s,PishkunAdd30kAcFt,1986,770362.9678438
GID Shortages,HD,2050s,PishkunAdd30kAcFt,1987,617991.4933536
GID Shortages,HD,2050s,PishkunAdd30kAcFt,1988,981061.8685912
GID Shortages,HD,2050s,PishkunAdd30kAcFt,1989,273581.5642066
GID Shortages,HD,2050s,PishkunAdd30kAcFt,1990,687663.6539616
GID Shortages,HD,2050s,PishkunAdd30kAcFt,1991,439602.1089895
GID Shortages,HD,2050s,PishkunAdd30kAcFt,1992,838714.2366053
GID Shortages,HD,2050s,PishkunAdd30kAcFt,1993,198482.9668685
GID Shortages,HD,2050s,PishkunAdd30kAcFt,1994,577790.7812447
GID Shortages,HD,2050s,PishkunAdd30kAcFt,1995,297899.4221088
GID Shortages,HD,2050s,PishkunAdd30kAcFt,1996,558276.0744598
GID Shortages,HD,2050s,PishkunAdd30kAcFt,1997,316432.0137232
GID Shortages,HD,2050s,PishkunAdd30kAcFt,1998,512950.0957056
GID Shortages,HD,2050s,PishkunAdd30kAcFt,1999,629278.5682315
GID Shortages,HD,2080s,PishkunAdd30kAcFt,1951,579537.1869103
GID Shortages,HD,2080s,PishkunAdd30kAcFt,1952,984136.1479177
GID Shortages,HD,2080s,PishkunAdd30kAcFt,1953,965673.2356044
GID Shortages,HD,2080s,PishkunAdd30kAcFt,1954,1029490.6886399
GID Shortages,HD,2080s,PishkunAdd30kAcFt,1955,352629.6073393
GID Shortages,HD,2080s,PishkunAdd30kAcFt,1956,977401.5532185
GID Shortages,HD,2080s,PishkunAdd30kAcFt,1957,696126.9816087
GID Shortages,HD,2080s,PishkunAdd30kAcFt,1958,489356.7002209
GID Shortages,HD,2080s,PishkunAdd30kAcFt,1959,1192263.4599754
GID Shortages,HD,2080s,PishkunAdd30kAcFt,1960,1130920.8221283
GID Shortages,HD,2080s,PishkunAdd30kAcFt,1961,1200615.2571044
GID Shortages,HD,2080s,PishkunAdd30kAcFt,1962,887642.7720858
GID Shortages,HD,2080s,PishkunAdd30kAcFt,1963,1112251.232241
GID Shortages,HD,2080s,PishkunAdd30kAcFt,1964,513866.2803333
GID Shortages,HD,2080s,PishkunAdd30kAcFt,1965,719562.1358568
GID Shortages,HD,2080s,PishkunAdd30kAcFt,1966,1108717.3035767
GID Shortages,HD,2080s,PishkunAdd30kAcFt,1967,942547.4630069
GID Shortages,HD,2080s,PishkunAdd30kAcFt,1968,934758.8721844
GID Shortages,HD,2080s,PishkunAdd30kAcFt,1969,715281.8869356
GID Shortages,HD,2080s,PishkunAdd30kAcFt,1970,1107134.1176574
GID Shortages,HD,2080s,PishkunAdd30kAcFt,1971,1199137.333938
GID Shortages,HD,2080s,PishkunAdd30kAcFt,1972,1079387.712852
GID Shortages,HD,2080s,PishkunAdd30kAcFt,1973,1393338.8022992
GID Shortages,HD,2080s,PishkunAdd30kAcFt,1974,1191599.0570295
GID Shortages,HD,2080s,PishkunAdd30kAcFt,1975,393133.4531683
GID Shortages,HD,2080s,PishkunAdd30kAcFt,1976,1024176.2981301
GID Shortages,HD,2080s,PishkunAdd30kAcFt,1977,1028050.9076016
GID Shortages,HD,2080s,PishkunAdd30kAcFt,1978,455063.753507
GID Shortages,HD,2080s,PishkunAdd30kAcFt,1979,1083633.2708829
GID Shortages,HD,2080s,PishkunAdd30kAcFt,1980,631623.6644819
GID Shortages,HD,2080s,PishkunAdd30kAcFt,1981,725955.7522283
GID Shortages,HD,2080s,PishkunAdd30kAcFt,1982,729054.1108806
GID Shortages,HD,2080s,PishkunAdd30kAcFt,1983,1170641.5940013
GID Shortages,HD,2080s,PishkunAdd30kAcFt,1984,1341124.232235
GID Shortages,HD,2080s,PishkunAdd30kAcFt,1985,943684.4871844
GID Shortages,HD,2080s,PishkunAdd30kAcFt,1986,1105077.616292
GID Shortages,HD,2080s,PishkunAdd30kAcFt,1987,740536.2401983
GID Shortages,HD,2080s,PishkunAdd30kAcFt,1988,1398968.1876797
GID Shortages,HD,2080s,PishkunAdd30kAcFt,1989,481189.5443142
GID Shortages,HD,2080s,PishkunAdd30kAcFt,1990,981496.0501742
GID Shortages,HD,2080s,PishkunAdd30kAcFt,1991,737915.104428
GID Shortages,HD,2080s,PishkunAdd30kAcFt,1992,956717.035497
GID Shortages,HD,2080s,PishkunAdd30kAcFt,1993,256149.7389381
GID Shortages,HD,2080s,PishkunAdd30kAcFt,1994,874120.0885015
GID Shortages,HD,2080s,PishkunAdd30kAcFt,1995,459054.8125022
GID Shortages,HD,2080s,PishkunAdd30kAcFt,1996,870845.0621763
GID Shortages,HD,2080s,PishkunAdd30kAcFt,1997,589820.8243152
GID Shortages,HD,2080s,PishkunAdd30kAcFt,1998,675814.2653387
GID Shortages,HD,2080s,PishkunAdd30kAcFt,1999,894693.73025
GID Shortages,Historical,Historical,PishkunAdd30kAcFt,1951,16011.1252116
GID Shortages,Historical,Historical,PishkunAdd30kAcFt,1952,173411.1325152
GID Shortages,Historical,Historical,PishkunAdd30kAcFt,1953,67904.888838
GID Shortages,Historical,Historical,PishkunAdd30kAcFt,1954,108357.0652735
GID Shortages,Historical,Historical,PishkunAdd30kAcFt,1955,12571.7882316
GID Shortages,Historical,Historical,PishkunAdd30kAcFt,1956,110618.3599164
GID Shortages,Historical,Historical,PishkunAdd30kAcFt,1957,95059.584873
GID Shortages,Historical,Historical,PishkunAdd30kAcFt,1958,35916.4367436
GID Shortages,Historical,Historical,PishkunAdd30kAcFt,1959,278699.6110211
GID Shortages,Historical,Historical,PishkunAdd30kAcFt,1960,391729.2952512
GID Shortages,Historical,Historical,PishkunAdd30kAcFt,1961,374248.3394308
GID Shortages,Historical,Historical,PishkunAdd30kAcFt,1962,193702.1297887
GID Shortages,Historical,Historical,PishkunAdd30kAcFt,1963,276973.9524517
GID Shortages,Historical,Historical,PishkunAdd30kAcFt,1964,118262.7326352
GID Shortages,Historical,Historical,PishkunAdd30kAcFt,1965,24687.7750572
GID Shortages,Historical,Historical,PishkunAdd30kAcFt,1966,183402.9023096
GID Shortages,Historical,Historical,PishkunAdd30kAcFt,1967,213303.8117331
GID Shortages,Historical,Historical,PishkunAdd30kAcFt,1968,234316.1375415
GID Shortages,Historical,Historical,PishkunAdd30kAcFt,1969,85907.9931359
GID Shortages,Historical,Historical,PishkunAdd30kAcFt,1970,118216.0417514
GID Shortages,Historical,Historical,PishkunAdd30kAcFt,1971,326053.6085115
GID Shortages,Historical,Historical,PishkunAdd30kAcFt,1972,248363.4886102
GID Shortages,Historical,Historical,PishkunAdd30kAcFt,1973,411995.4198109
GID Shortages,Historical,Historical,PishkunAdd30kAcFt,1974,268341.077789
GID Shortages,Historical,Historical,PishkunAdd30kAcFt,1975,18436.2743112
GID Shortages,Historical,Historical,PishkunAdd30kAcFt,1976,205199.3136437
GID Shortages,Historical,Historical,PishkunAdd30kAcFt,1977,217113.7799173
GID Shortages,Historical,Historical,PishkunAdd30kAcFt,1978,84460.8335892
GID Shortages,Historical,Historical,PishkunAdd30kAcFt,1979,276801.0732065
GID Shortages,Historical,Historical,PishkunAdd30kAcFt,1980,105161.3777483
GID Shortages,Historical,Historical,PishkunAdd30kAcFt,1981,233931.8005596
GID Shortages,Historical,Historical,PishkunAdd30kAcFt,1982,63776.097686
GID Shortages,Historical,Historical,PishkunAdd30kAcFt,1983,217468.5036921
GID Shortages,Historical,Historical,PishkunAdd30kAcFt,1984,268528.2776876
GID Shortages,Historical,Historical,PishkunAdd30kAcFt,1985,306987.3642936
GID Shortages,Historical,Historical,PishkunAdd30kAcFt,1986,380863.0532032
GID Shortages,Historical,Historical,PishkunAdd30kAcFt,1987,197941.8564178
GID Shortages,Historical,Historical,PishkunAdd30kAcFt,1988,317514.8891697
GID Shortages,Historical,Historical,PishkunAdd30kAcFt,1989,167623.4265593
GID Shortages,Historical,Historical,PishkunAdd30kAcFt,1990,138138.7284806
GID Shortages,Historical,Historical,PishkunAdd30kAcFt,1991,69059.268378
GID Shortages,Historical,Historical,PishkunAdd30kAcFt,1992,369040.8381193
GID Shortages,Historical,Historical,PishkunAdd30kAcFt,1993,75002.0618532
GID Shortages,Historical,Historical,PishkunAdd30kAcFt,1994,233250.7959698
GID Shortages,Historical,Historical,PishkunAdd30kAcFt,1995,114876.235296
GID Shortages,Historical,Historical,PishkunAdd30kAcFt,1996,154663.4930834
GID Shortages,Historical,Historical,PishkunAdd30kAcFt,1997,31687.5993648
GID Shortages,Historical,Historical,PishkunAdd30kAcFt,1998,129263.8506432
GID Shortages,Historical,Historical,PishkunAdd30kAcFt,1999,115442.0002788
GID Shortages,HW,2020s,PishkunAdd30kAcFt,1951,31707.354726
GID Shortages,HW,2020s,PishkunAdd30kAcFt,1952,305170.347096
GID Shortages,HW,2020s,PishkunAdd30kAcFt,1953,215597.9724739
GID Shortages,HW,2020s,PishkunAdd30kAcFt,1954,287089.2527577
GID Shortages,HW,2020s,PishkunAdd30kAcFt,1955,41175.2305893
GID Shortages,HW,2020s,PishkunAdd30kAcFt,1956,304588.8928655
GID Shortages,HW,2020s,PishkunAdd30kAcFt,1957,183509.3154751
GID Shortages,HW,2020s,PishkunAdd30kAcFt,1958,108100.0869003
GID Shortages,HW,2020s,PishkunAdd30kAcFt,1959,313609.5954173
GID Shortages,HW,2020s,PishkunAdd30kAcFt,1960,407665.5444703
GID Shortages,HW,2020s,PishkunAdd30kAcFt,1961,581564.0155645
GID Shortages,HW,2020s,PishkunAdd30kAcFt,1962,263709.0207939
GID Shortages,HW,2020s,PishkunAdd30kAcFt,1963,444474.5228792
GID Shortages,HW,2020s,PishkunAdd30kAcFt,1964,113321.988204
GID Shortages,HW,2020s,PishkunAdd30kAcFt,1965,81444.5905949
GID Shortages,HW,2020s,PishkunAdd30kAcFt,1966,407548.5197403
GID Shortages,HW,2020s,PishkunAdd30kAcFt,1967,416088.6275111
GID Shortages,HW,2020s,PishkunAdd30kAcFt,1968,398979.3739687
GID Shortages,HW,2020s,PishkunAdd30kAcFt,1969,206708.7343137
GID Shortages,HW,2020s,PishkunAdd30kAcFt,1970,273568.7708251
GID Shortages,HW,2020s,PishkunAdd30kAcFt,1971,481530.6614848
GID Shortages,HW,2020s,PishkunAdd30kAcFt,1972,335419.3356698
GID Shortages,HW,2020s,PishkunAdd30kAcFt,1973,744853.4610003
GID Shortages,HW,2020s,PishkunAdd30kAcFt,1974,331768.4219449
GID Shortages,HW,2020s,PishkunAdd30kAcFt,1975,59118.9497954
GID Shortages,HW,2020s,PishkunAdd30kAcFt,1976,331144.4421176
GID Shortages,HW,2020s,PishkunAdd30kAcFt,1977,279933.7062204
GID Shortages,HW,2020s,PishkunAdd30kAcFt,1978,115310.1391932
GID Shortages,HW,2020s,PishkunAdd30kAcFt,1979,513763.159728
GID Shortages,HW,2020s,PishkunAdd30kAcFt,1980,190428.5513966
GID Shortages,HW,2020s,PishkunAdd30kAcFt,1981,340524.4304252
GID Shortages,HW,2020s,PishkunAdd30kAcFt,1982,80437.1068431
GID Shortages,HW,2020s,PishkunAdd30kAcFt,1983,413938.4270229
GID Shortages,HW,2020s,PishkunAdd30kAcFt,1984,592373.034503
GID Shortages,HW,2020s,PishkunAdd30kAcFt,1985,379704.1513516
GID Shortages,HW,2020s,PishkunAdd30kAcFt,1986,584396.8272532
GID Shortages,HW,2020s,PishkunAdd30kAcFt,1987,341470.7439622
GID Shortages,HW,2020s,PishkunAdd30kAcFt,1988,514338.6833832
GID Shortages,HW,2020s,PishkunAdd30kAcFt,1989,108729.461766
GID Shortages,HW,2020s,PishkunAdd30kAcFt,1990,307791.0663376
GID Shortages,HW,2020s,PishkunAdd30kAcFt,1991,222797.0760124
GID Shortages,HW,2020s,PishkunAdd30kAcFt,1992,467036.2561128
GID Shortages,HW,2020s,PishkunAdd30kAcFt,1993,99344.7131304
GID Shortages,HW,2020s,PishkunAdd30kAcFt,1994,391340.0987678
GID Shortages,HW,2020s,PishkunAdd30kAcFt,1995,138492.6985368
GID Shortages,HW,2020s,PishkunAdd30kAcFt,1996,297777.6965549
GID Shortages,HW,2020s,PishkunAdd30kAcFt,1997,126564.6058243
GID Shortages,HW,2020s,PishkunAdd30kAcFt,1998,234295.6482964
GID Shortages,HW,2020s,PishkunAdd30kAcFt,1999,237576.9225521
GID Shortages,HW,2050s,PishkunAdd30kAcFt,1951,124413.5921134
GID Shortages,HW,2050s,PishkunAdd30kAcFt,1952,597807.8811459
GID Shortages,HW,2050s,PishkunAdd30kAcFt,1953,574070.4857392
GID Shortages,HW,2050s,PishkunAdd30kAcFt,1954,526299.4240119
GID Shortages,HW,2050s,PishkunAdd30kAcFt,1955,58133.8395852
GID Shortages,HW,2050s,PishkunAdd30kAcFt,1956,523264.7545813
GID Shortages,HW,2050s,PishkunAdd30kAcFt,1957,236295.0653952
GID Shortages,HW,2050s,PishkunAdd30kAcFt,1958,269319.8012258
GID Shortages,HW,2050s,PishkunAdd30kAcFt,1959,715349.0670645
GID Shortages,HW,2050s,PishkunAdd30kAcFt,1960,493636.4136052
GID Shortages,HW,2050s,PishkunAdd30kAcFt,1961,754422.1566437
GID Shortages,HW,2050s,PishkunAdd30kAcFt,1962,394448.1764231
GID Shortages,HW,2050s,PishkunAdd30kAcFt,1963,704010.7194871
GID Shortages,HW,2050s,PishkunAdd30kAcFt,1964,224253.5777028
GID Shortages,HW,2050s,PishkunAdd30kAcFt,1965,223972.9166978
GID Shortages,HW,2050s,PishkunAdd30kAcFt,1966,468701.4386819
GID Shortages,HW,2050s,PishkunAdd30kAcFt,1967,566283.0254946
GID Shortages,HW,2050s,PishkunAdd30kAcFt,1968,452609.5267372
GID Shortages,HW,2050s,PishkunAdd30kAcFt,1969,381339.0264991
GID Shortages,HW,2050s,PishkunAdd30kAcFt,1970,489256.9713493
GID Shortages,HW,2050s,PishkunAdd30kAcFt,1971,666870.6205964
GID Shortages,HW,2050s,PishkunAdd30kAcFt,1972,609981.0712463
GID Shortages,HW,2050s,PishkunAdd30kAcFt,1973,1009887.8761176
GID Shortages,HW,2050s,PishkunAdd30kAcFt,1974,630337.7808809
GID Shortages,HW,2050s,PishkunAdd30kAcFt,1975,69684.6763037
GID Shortages,HW,2050s,PishkunAdd30kAcFt,1976,453614.0154493
GID Shortages,HW,2050s,PishkunAdd30kAcFt,1977,410855.7972877
GID Shortages,HW,2050s,PishkunAdd30kAcFt,1978,211820.2158425
GID Shortages,HW,2050s,PishkunAdd30kAcFt,1979,832780.7654391
GID Shortages,HW,2050s,PishkunAdd30kAcFt,1980,290677.9648634
GID Shortages,HW,2050s,PishkunAdd30kAcFt,1981,434476.9018483
GID Shortages,HW,2050s,PishkunAdd30kAcFt,1982,353682.2348683
GID Shortages,HW,2050s,PishkunAdd30kAcFt,1983,515117.8102339
GID Shortages,HW,2050s,PishkunAdd30kAcFt,1984,828024.1068586
GID Shortages,HW,2050s,PishkunAdd30kAcFt,1985,431394.5497989
GID Shortages,HW,2050s,PishkunAdd30kAcFt,1986,619595.7238896
GID Shortages,HW,2050s,PishkunAdd30kAcFt,1987,383810.2317721
GID Shortages,HW,2050s,PishkunAdd30kAcFt,1988,610437.3486851
GID Shortages,HW,2050s,PishkunAdd30kAcFt,1989,155423.3802751
GID Shortages,HW,2050s,PishkunAdd30kAcFt,1990,434604.0422753
GID Shortages,HW,2050s,PishkunAdd30kAcFt,1991,281295.2988713
GID Shortages,HW,2050s,PishkunAdd30kAcFt,1992,715538.9446476
GID Shortages,HW,2050s,PishkunAdd30kAcFt,1993,136269.8832119
GID Shortages,HW,2050s,PishkunAdd30kAcFt,1994,562135.2723694
GID Shortages,HW,2050s,PishkunAdd30kAcFt,1995,250411.699071
GID Shortages,HW,2050s,PishkunAdd30kAcFt,1996,500086.4200288
GID Shortages,HW,2050s,PishkunAdd30kAcFt,1997,195023.8150232
GID Shortages,HW,2050s,PishkunAdd30kAcFt,1998,330605.3548063
GID Shortages,HW,2050s,PishkunAdd30kAcFt,1999,449691.6638549
GID Shortages,HW,2080s,PishkunAdd30kAcFt,1951,317022.8299321
GID Shortages,HW,2080s,PishkunAdd30kAcFt,1952,813221.9462814
GID Shortages,HW,2080s,PishkunAdd30kAcFt,1953,726936.201284
GID Shortages,HW,2080s,PishkunAdd30kAcFt,1954,804001.54797
GID Shortages,HW,2080s,PishkunAdd30kAcFt,1955,193596.6091847
GID Shortages,HW,2080s,PishkunAdd30kAcFt,1956,686347.1455838
GID Shortages,HW,2080s,PishkunAdd30kAcFt,1957,542969.9141556
GID Shortages,HW,2080s,PishkunAdd30kAcFt,1958,283901.3007655
GID Shortages,HW,2080s,PishkunAdd30kAcFt,1959,849529.4043008
GID Shortages,HW,2080s,PishkunAdd30kAcFt,1960,839568.9733324
GID Shortages,HW,2080s,PishkunAdd30kAcFt,1961,918928.6196021
GID Shortages,HW,2080s,PishkunAdd30kAcFt,1962,740031.3479098
GID Shortages,HW,2080s,PishkunAdd30kAcFt,1963,1113008.0252195
GID Shortages,HW,2080s,PishkunAdd30kAcFt,1964,389774.0500293
GID Shortages,HW,2080s,PishkunAdd30kAcFt,1965,391543.1069223
GID Shortages,HW,2080s,PishkunAdd30kAcFt,1966,771669.9555656
GID Shortages,HW,2080s,PishkunAdd30kAcFt,1967,710175.7806105
GID Shortages,HW,2080s,PishkunAdd30kAcFt,1968,739643.0836573
GID Shortages,HW,2080s,PishkunAdd30kAcFt,1969,519158.8130037
GID Shortages,HW,2080s,PishkunAdd30kAcFt,1970,708202.7833321
GID Shortages,HW,2080s,PishkunAdd30kAcFt,1971,1151589.6704368
GID Shortages,HW,2080s,PishkunAdd30kAcFt,1972,826424.7556588
GID Shortages,HW,2080s,PishkunAdd30kAcFt,1973,1165915.1039995
GID Shortages,HW,2080s,PishkunAdd30kAcFt,1974,994033.2070196
GID Shortages,HW,2080s,PishkunAdd30kAcFt,1975,215198.0057484
GID Shortages,HW,2080s,PishkunAdd30kAcFt,1976,796212.1637595
GID Shortages,HW,2080s,PishkunAdd30kAcFt,1977,738253.3654018
GID Shortages,HW,2080s,PishkunAdd30kAcFt,1978,309697.9347262
GID Shortages,HW,2080s,PishkunAdd30kAcFt,1979,961421.8065023
GID Shortages,HW,2080s,PishkunAdd30kAcFt,1980,417888.1901727
GID Shortages,HW,2080s,PishkunAdd30kAcFt,1981,565445.4061136
GID Shortages,HW,2080s,PishkunAdd30kAcFt,1982,563905.6581873
GID Shortages,HW,2080s,PishkunAdd30kAcFt,1983,861451.9829667
GID Shortages,HW,2080s,PishkunAdd30kAcFt,1984,1181275.4923735
GID Shortages,HW,2080s,PishkunAdd30kAcFt,1985,825122.329918
GID Shortages,HW,2080s,PishkunAdd30kAcFt,1986,888539.02284
GID Shortages,HW,2080s,PishkunAdd30kAcFt,1987,698319.291165
GID Shortages,HW,2080s,PishkunAdd30kAcFt,1988,1040477.5256639
GID Shortages,HW,2080s,PishkunAdd30kAcFt,1989,343895.9327312
GID Shortages,HW,2080s,PishkunAdd30kAcFt,1990,729973.5285644
GID Shortages,HW,2080s,PishkunAdd30kAcFt,1991,685694.5641191
GID Shortages,HW,2080s,PishkunAdd30kAcFt,1992,564399.4430438
GID Shortages,HW,2080s,PishkunAdd30kAcFt,1993,172340.7727644
GID Shortages,HW,2080s,PishkunAdd30kAcFt,1994,796642.7949312
GID Shortages,HW,2080s,PishkunAdd30kAcFt,1995,422112.2275541
GID Shortages,HW,2080s,PishkunAdd30kAcFt,1996,582132.5970747
GID Shortages,HW,2080s,PishkunAdd30kAcFt,1997,300703.4933172
GID Shortages,HW,2080s,PishkunAdd30kAcFt,1998,414115.0946958
GID Shortages,HW,2080s,PishkunAdd30kAcFt,1999,673015.1528053
GID Shortages,WD,2020s,PishkunAdd30kAcFt,1951,125440.6923835
GID Shortages,WD,2020s,PishkunAdd30kAcFt,1952,404717.6121828
GID Shortages,WD,2020s,PishkunAdd30kAcFt,1953,95068.708835
GID Shortages,WD,2020s,PishkunAdd30kAcFt,1954,190876.8751207
GID Shortages,WD,2020s,PishkunAdd30kAcFt,1955,24971.9864735
GID Shortages,WD,2020s,PishkunAdd30kAcFt,1956,317854.5584072
GID Shortages,WD,2020s,PishkunAdd30kAcFt,1957,174676.9433998
GID Shortages,WD,2020s,PishkunAdd30kAcFt,1958,41778.0666264
GID Shortages,WD,2020s,PishkunAdd30kAcFt,1959,347231.0780321
GID Shortages,WD,2020s,PishkunAdd30kAcFt,1960,505944.3804921
GID Shortages,WD,2020s,PishkunAdd30kAcFt,1961,669126.1235069
GID Shortages,WD,2020s,PishkunAdd30kAcFt,1962,262893.9931362
GID Shortages,WD,2020s,PishkunAdd30kAcFt,1963,441932.3490496
GID Shortages,WD,2020s,PishkunAdd30kAcFt,1964,104375.2294138
GID Shortages,WD,2020s,PishkunAdd30kAcFt,1965,40844.3084545
GID Shortages,WD,2020s,PishkunAdd30kAcFt,1966,348037.4775953
GID Shortages,WD,2020s,PishkunAdd30kAcFt,1967,341494.5456022
GID Shortages,WD,2020s,PishkunAdd30kAcFt,1968,292920.6148883
GID Shortages,WD,2020s,PishkunAdd30kAcFt,1969,181395.0157939
GID Shortages,WD,2020s,PishkunAdd30kAcFt,1970,236763.1643152
GID Shortages,WD,2020s,PishkunAdd30kAcFt,1971,330677.7316266
GID Shortages,WD,2020s,PishkunAdd30kAcFt,1972,393314.9208386
GID Shortages,WD,2020s,PishkunAdd30kAcFt,1973,571990.1628991
GID Shortages,WD,2020s,PishkunAdd30kAcFt,1974,277204.9870373
GID Shortages,WD,2020s,PishkunAdd30kAcFt,1975,17843.3754588
GID Shortages,WD,2020s,PishkunAdd30kAcFt,1976,256486.6908217
GID Shortages,WD,2020s,PishkunAdd30kAcFt,1977,243759.2200298
GID Shortages,WD,2020s,PishkunAdd30kAcFt,1978,110960.6274996
GID Shortages,WD,2020s,PishkunAdd30kAcFt,1979,351701.363214
GID Shortages,WD,2020s,PishkunAdd30kAcFt,1980,138252.5201545
GID Shortages,WD,2020s,PishkunAdd30kAcFt,1981,294810.3857655
GID Shortages,WD,2020s,PishkunAdd30kAcFt,1982,101891.4291063
GID Shortages,WD,2020s,PishkunAdd30kAcFt,1983,341914.9420687
GID Shortages,WD,2020s,PishkunAdd30kAcFt,1984,400596.7152414
GID Shortages,WD,2020s,PishkunAdd30kAcFt,1985,430323.7735194
GID Shortages,WD,2020s,PishkunAdd30kAcFt,1986,487528.5755913
GID Shortages,WD,2020s,PishkunAdd30kAcFt,1987,243446.6251578
GID Shortages,WD,2020s,PishkunAdd30kAcFt,1988,358360.5463838
GID Shortages,WD,2020s,PishkunAdd30kAcFt,1989,159560.7995216
GID Shortages,WD,2020s,PishkunAdd30kAcFt,1990,192344.5635819
GID Shortages,WD,2020s,PishkunAdd30kAcFt,1991,237868.0562787
GID Shortages,WD,2020s,PishkunAdd30kAcFt,1992,441288.8122081
GID Shortages,WD,2020s,PishkunAdd30kAcFt,1993,102281.5181512
GID Shortages,WD,2020s,PishkunAdd30kAcFt,1994,307787.6547692
GID Shortages,WD,2020s,PishkunAdd30kAcFt,1995,129380.6571915
GID Shortages,WD,2020s,PishkunAdd30kAcFt,1996,230207.3596018
GID Shortages,WD,2020s,PishkunAdd30kAcFt,1997,36709.6065619
GID Shortages,WD,2020s,PishkunAdd30kAcFt,1998,167555.4332077
GID Shortages,WD,2020s,PishkunAdd30kAcFt,1999,146179.9142076
GID Shortages,WD,2050s,PishkunAdd30kAcFt,1951,211969.868654
GID Shortages,WD,2050s,PishkunAdd30kAcFt,1952,573721.9107214
GID Shortages,WD,2050s,PishkunAdd30kAcFt,1953,358754.4238564
GID Shortages,WD,2050s,PishkunAdd30kAcFt,1954,330710.7762368
GID Shortages,WD,2050s,PishkunAdd30kAcFt,1955,84860.6218024
GID Shortages,WD,2050s,PishkunAdd30kAcFt,1956,353498.4068687
GID Shortages,WD,2050s,PishkunAdd30kAcFt,1957,228828.5305966
GID Shortages,WD,2050s,PishkunAdd30kAcFt,1958,106785.5421578
GID Shortages,WD,2050s,PishkunAdd30kAcFt,1959,489545.3678873
GID Shortages,WD,2050s,PishkunAdd30kAcFt,1960,604019.5934837
GID Shortages,WD,2050s,PishkunAdd30kAcFt,1961,682208.6949329
GID Shortages,WD,2050s,PishkunAdd30kAcFt,1962,336225.8939106
GID Shortages,WD,2050s,PishkunAdd30kAcFt,1963,555666.5221543
GID Shortages,WD,2050s,PishkunAdd30kAcFt,1964,113584.9169872
GID Shortages,WD,2050s,PishkunAdd30kAcFt,1965,83650.3084084
GID Shortages,WD,2050s,PishkunAdd30kAcFt,1966,480801.3792352
GID Shortages,WD,2050s,PishkunAdd30kAcFt,1967,379023.2459353
GID Shortages,WD,2050s,PishkunAdd30kAcFt,1968,350459.8300022
GID Shortages,WD,2050s,PishkunAdd30kAcFt,1969,399073.5491243
GID Shortages,WD,2050s,PishkunAdd30kAcFt,1970,330120.5550689
GID Shortages,WD,2050s,PishkunAdd30kAcFt,1971,502348.2502086
GID Shortages,WD,2050s,PishkunAdd30kAcFt,1972,444954.8796438
GID Shortages,WD,2050s,PishkunAdd30kAcFt,1973,686021.578818
GID Shortages,WD,2050s,PishkunAdd30kAcFt,1974,480355.0786505
GID Shortages,WD,2050s,PishkunAdd30kAcFt,1975,57586.282857
GID Shortages,WD,2050s,PishkunAdd30kAcFt,1976,405524.0514154
GID Shortages,WD,2050s,PishkunAdd30kAcFt,1977,294820.0254297
GID Shortages,WD,2050s,PishkunAdd30kAcFt,1978,125496.8047498
GID Shortages,WD,2050s,PishkunAdd30kAcFt,1979,602267.971292
GID Shortages,WD,2050s,PishkunAdd30kAcFt,1980,215683.8963943
GID Shortages,WD,2050s,PishkunAdd30kAcFt,1981,343315.8867644
GID Shortages,WD,2050s,PishkunAdd30kAcFt,1982,135807.5760243
GID Shortages,WD,2050s,PishkunAdd30kAcFt,1983,455495.4160831
GID Shortages,WD,2050s,PishkunAdd30kAcFt,1984,539657.558925
GID Shortages,WD,2050s,PishkunAdd30kAcFt,1985,573760.6875599
GID Shortages,WD,2050s,PishkunAdd30kAcFt,1986,593757.1990425
GID Shortages,WD,2050s,PishkunAdd30kAcFt,1987,360925.9069777
GID Shortages,WD,2050s,PishkunAdd30kAcFt,1988,359609.3192611
GID Shortages,WD,2050s,PishkunAdd30kAcFt,1989,244315.9602241
GID Shortages,WD,2050s,PishkunAdd30kAcFt,1990,343909.0037985
GID Shortages,WD,2050s,PishkunAdd30kAcFt,1991,359707.9373895
GID Shortages,WD,2050s,PishkunAdd30kAcFt,1992,562564.5349468
GID Shortages,WD,2050s,PishkunAdd30kAcFt,1993,119977.3432767
GID Shortages,WD,2050s,PishkunAdd30kAcFt,1994,382522.2853623
GID Shortages,WD,2050s,PishkunAdd30kAcFt,1995,128838.7930222
GID Shortages,WD,2050s,PishkunAdd30kAcFt,1996,292364.1920492
GID Shortages,WD,2050s,PishkunAdd30kAcFt,1997,117073.9993948
GID Shortages,WD,2050s,PishkunAdd30kAcFt,1998,270281.9626881
GID Shortages,WD,2050s,PishkunAdd30kAcFt,1999,277531.7438851
GID Shortages,WD,2080s,PishkunAdd30kAcFt,1951,222230.4779722
GID Shortages,WD,2080s,PishkunAdd30kAcFt,1952,755817.0517559
GID Shortages,WD,2080s,PishkunAdd30kAcFt,1953,487846.4861629
GID Shortages,WD,2080s,PishkunAdd30kAcFt,1954,541149.9812571
GID Shortages,WD,2080s,PishkunAdd30kAcFt,1955,152362.4100323
GID Shortages,WD,2080s,PishkunAdd30kAcFt,1956,535595.0355057
GID Shortages,WD,2080s,PishkunAdd30kAcFt,1957,241207.6445524
GID Shortages,WD,2080s,PishkunAdd30kAcFt,1958,141808.8620298
GID Shortages,WD,2080s,PishkunAdd30kAcFt,1959,651014.8605899
GID Shortages,WD,2080s,PishkunAdd30kAcFt,1960,612596.0384249
GID Shortages,WD,2080s,PishkunAdd30kAcFt,1961,727486.5745396
GID Shortages,WD,2080s,PishkunAdd30kAcFt,1962,443556.6324673
GID Shortages,WD,2080s,PishkunAdd30kAcFt,1963,750678.0991676
GID Shortages,WD,2080s,PishkunAdd30kAcFt,1964,156218.9500921
GID Shortages,WD,2080s,PishkunAdd30kAcFt,1965,95506.2821517
GID Shortages,WD,2080s,PishkunAdd30kAcFt,1966,496864.0945015
GID Shortages,WD,2080s,PishkunAdd30kAcFt,1967,524022.3607825
GID Shortages,WD,2080s,PishkunAdd30kAcFt,1968,385861.8934707
GID Shortages,WD,2080s,PishkunAdd30kAcFt,1969,291194.9563189
GID Shortages,WD,2080s,PishkunAdd30kAcFt,1970,418685.1087493
GID Shortages,WD,2080s,PishkunAdd30kAcFt,1971,657043.0622833
GID Shortages,WD,2080s,PishkunAdd30kAcFt,1972,615453.9410091
GID Shortages,WD,2080s,PishkunAdd30kAcFt,1973,967127.5158084
GID Shortages,WD,2080s,PishkunAdd30kAcFt,1974,653226.7866645
GID Shortages,WD,2080s,PishkunAdd30kAcFt,1975,74012.2309844
GID Shortages,WD,2080s,PishkunAdd30kAcFt,1976,433048.7241095
GID Shortages,WD,2080s,PishkunAdd30kAcFt,1977,408509.4316165
GID Shortages,WD,2080s,PishkunAdd30kAcFt,1978,144245.5549248
GID Shortages,WD,2080s,PishkunAdd30kAcFt,1979,663372.9497637
GID Shortages,WD,2080s,PishkunAdd30kAcFt,1980,224866.588941
GID Shortages,WD,2080s,PishkunAdd30kAcFt,1981,383053.8354876
GID Shortages,WD,2080s,PishkunAdd30kAcFt,1982,280526.2480482
GID Shortages,WD,2080s,PishkunAdd30kAcFt,1983,655891.1422461
GID Shortages,WD,2080s,PishkunAdd30kAcFt,1984,834149.5184167
GID Shortages,WD,2080s,PishkunAdd30kAcFt,1985,619525.8065721
GID Shortages,WD,2080s,PishkunAdd30kAcFt,1986,646394.7440842
GID Shortages,WD,2080s,PishkunAdd30kAcFt,1987,514175.0669429
GID Shortages,WD,2080s,PishkunAdd30kAcFt,1988,576631.8595584
GID Shortages,WD,2080s,PishkunAdd30kAcFt,1989,137609.9155439
GID Shortages,WD,2080s,PishkunAdd30kAcFt,1990,467248.0708741
GID Shortages,WD,2080s,PishkunAdd30kAcFt,1991,295665.8563765
GID Shortages,WD,2080s,PishkunAdd30kAcFt,1992,493264.9295089
GID Shortages,WD,2080s,PishkunAdd30kAcFt,1993,133376.853374
GID Shortages,WD,2080s,PishkunAdd30kAcFt,1994,440057.8905608
GID Shortages,WD,2080s,PishkunAdd30kAcFt,1995,186880.2822442
GID Shortages,WD,2080s,PishkunAdd30kAcFt,1996,346395.6603028
GID Shortages,WD,2080s,PishkunAdd30kAcFt,1997,195124.3174481
GID Shortages,WD,2080s,PishkunAdd30kAcFt,1998,246475.701203
GID Shortages,WD,2080s,PishkunAdd30kAcFt,1999,351162.0775557
GID Shortages,WW,2020s,PishkunAdd30kAcFt,1951,17834.0928192
GID Shortages,WW,2020s,PishkunAdd30kAcFt,1952,246467.9260006
GID Shortages,WW,2020s,PishkunAdd30kAcFt,1953,115412.6250881
GID Shortages,WW,2020s,PishkunAdd30kAcFt,1954,107170.3551725
GID Shortages,WW,2020s,PishkunAdd30kAcFt,1955,18071.9703763
GID Shortages,WW,2020s,PishkunAdd30kAcFt,1956,200576.3012718
GID Shortages,WW,2020s,PishkunAdd30kAcFt,1957,104077.6890791
GID Shortages,WW,2020s,PishkunAdd30kAcFt,1958,45270.9572964
GID Shortages,WW,2020s,PishkunAdd30kAcFt,1959,266219.558277
GID Shortages,WW,2020s,PishkunAdd30kAcFt,1960,350941.5751958
GID Shortages,WW,2020s,PishkunAdd30kAcFt,1961,491290.8016526
GID Shortages,WW,2020s,PishkunAdd30kAcFt,1962,181356.5563106
GID Shortages,WW,2020s,PishkunAdd30kAcFt,1963,314646.0378311
GID Shortages,WW,2020s,PishkunAdd30kAcFt,1964,112815.4893048
GID Shortages,WW,2020s,PishkunAdd30kAcFt,1965,38366.7957469
GID Shortages,WW,2020s,PishkunAdd30kAcFt,1966,144940.5628128
GID Shortages,WW,2020s,PishkunAdd30kAcFt,1967,255924.6547625
GID Shortages,WW,2020s,PishkunAdd30kAcFt,1968,241474.3022592
GID Shortages,WW,2020s,PishkunAdd30kAcFt,1969,132627.895102
GID Shortages,WW,2020s,PishkunAdd30kAcFt,1970,82887.9022098
GID Shortages,WW,2020s,PishkunAdd30kAcFt,1971,286469.6960685
GID Shortages,WW,2020s,PishkunAdd30kAcFt,1972,273748.61205
GID Shortages,WW,2020s,PishkunAdd30kAcFt,1973,506822.5221652
GID Shortages,WW,2020s,PishkunAdd30kAcFt,1974,299778.482248
GID Shortages,WW,2020s,PishkunAdd30kAcFt,1975,30355.8976068
GID Shortages,WW,2020s,PishkunAdd30kAcFt,1976,243248.3773313
GID Shortages,WW,2020s,PishkunAdd30kAcFt,1977,194886.1622052
GID Shortages,WW,2020s,PishkunAdd30kAcFt,1978,91691.057772
GID Shortages,WW,2020s,PishkunAdd30kAcFt,1979,425149.3763222
GID Shortages,WW,2020s,PishkunAdd30kAcFt,1980,122908.5747468
GID Shortages,WW,2020s,PishkunAdd30kAcFt,1981,259078.7092524
GID Shortages,WW,2020s,PishkunAdd30kAcFt,1982,37887.7282378
GID Shortages,WW,2020s,PishkunAdd30kAcFt,1983,209676.0451031
GID Shortages,WW,2020s,PishkunAdd30kAcFt,1984,328931.9408367
GID Shortages,WW,2020s,PishkunAdd30kAcFt,1985,330797.0571818
GID Shortages,WW,2020s,PishkunAdd30kAcFt,1986,431741.6570489
GID Shortages,WW,2020s,PishkunAdd30kAcFt,1987,254860.9594709
GID Shortages,WW,2020s,PishkunAdd30kAcFt,1988,306391.2522198
GID Shortages,WW,2020s,PishkunAdd30kAcFt,1989,96049.3760724
GID Shortages,WW,2020s,PishkunAdd30kAcFt,1990,117442.2702697
GID Shortages,WW,2020s,PishkunAdd30kAcFt,1991,124011.9791078
GID Shortages,WW,2020s,PishkunAdd30kAcFt,1992,411943.5719051
GID Shortages,WW,2020s,PishkunAdd30kAcFt,1993,78678.4631676
GID Shortages,WW,2020s,PishkunAdd30kAcFt,1994,287226.4692123
GID Shortages,WW,2020s,PishkunAdd30kAcFt,1995,122562.4989012
GID Shortages,WW,2020s,PishkunAdd30kAcFt,1996,134027.2728564
GID Shortages,WW,2020s,PishkunAdd30kAcFt,1997,39313.0299451
GID Shortages,WW,2020s,PishkunAdd30kAcFt,1998,141964.6437636
GID Shortages,WW,2020s,PishkunAdd30kAcFt,1999,130697.8994532
GID Shortages,WW,2050s,PishkunAdd30kAcFt,1951,30318.1521727
GID Shortages,WW,2050s,PishkunAdd30kAcFt,1952,283522.0613015
GID Shortages,WW,2050s,PishkunAdd30kAcFt,1953,153779.0638104
GID Shortages,WW,2050s,PishkunAdd30kAcFt,1954,213306.6679299
GID Shortages,WW,2050s,PishkunAdd30kAcFt,1955,73700.4890045
GID Shortages,WW,2050s,PishkunAdd30kAcFt,1956,267372.9659167
GID Shortages,WW,2050s,PishkunAdd30kAcFt,1957,120374.1364502
GID Shortages,WW,2050s,PishkunAdd30kAcFt,1958,90577.1211853
GID Shortages,WW,2050s,PishkunAdd30kAcFt,1959,278704.5498614
GID Shortages,WW,2050s,PishkunAdd30kAcFt,1960,377478.4004911
GID Shortages,WW,2050s,PishkunAdd30kAcFt,1961,477175.5960752
GID Shortages,WW,2050s,PishkunAdd30kAcFt,1962,267669.6930287
GID Shortages,WW,2050s,PishkunAdd30kAcFt,1963,376072.4971204
GID Shortages,WW,2050s,PishkunAdd30kAcFt,1964,109257.3821412
GID Shortages,WW,2050s,PishkunAdd30kAcFt,1965,54879.6198603
GID Shortages,WW,2050s,PishkunAdd30kAcFt,1966,211899.1777832
GID Shortages,WW,2050s,PishkunAdd30kAcFt,1967,314105.7802725
GID Shortages,WW,2050s,PishkunAdd30kAcFt,1968,269036.0460076
GID Shortages,WW,2050s,PishkunAdd30kAcFt,1969,214021.0543198
GID Shortages,WW,2050s,PishkunAdd30kAcFt,1970,167801.0462978
GID Shortages,WW,2050s,PishkunAdd30kAcFt,1971,331698.7228091
GID Shortages,WW,2050s,PishkunAdd30kAcFt,1972,284333.399705
GID Shortages,WW,2050s,PishkunAdd30kAcFt,1973,564202.801828
GID Shortages,WW,2050s,PishkunAdd30kAcFt,1974,353685.428255
GID Shortages,WW,2050s,PishkunAdd30kAcFt,1975,37874.5976664
GID Shortages,WW,2050s,PishkunAdd30kAcFt,1976,294986.4583974
GID Shortages,WW,2050s,PishkunAdd30kAcFt,1977,208178.6244266
GID Shortages,WW,2050s,PishkunAdd30kAcFt,1978,95424.345006
GID Shortages,WW,2050s,PishkunAdd30kAcFt,1979,366764.5087738
GID Shortages,WW,2050s,PishkunAdd30kAcFt,1980,166335.8173394
GID Shortages,WW,2050s,PishkunAdd30kAcFt,1981,293924.5482288
GID Shortages,WW,2050s,PishkunAdd30kAcFt,1982,54096.367392
GID Shortages,WW,2050s,PishkunAdd30kAcFt,1983,286549.4910666
GID Shortages,WW,2050s,PishkunAdd30kAcFt,1984,479489.6906895
GID Shortages,WW,2050s,PishkunAdd30kAcFt,1985,347821.6562246
GID Shortages,WW,2050s,PishkunAdd30kAcFt,1986,445209.8348776
GID Shortages,WW,2050s,PishkunAdd30kAcFt,1987,232299.2857414
GID Shortages,WW,2050s,PishkunAdd30kAcFt,1988,270189.8106719
GID Shortages,WW,2050s,PishkunAdd30kAcFt,1989,98924.376168
GID Shortages,WW,2050s,PishkunAdd30kAcFt,1990,262205.2331787
GID Shortages,WW,2050s,PishkunAdd30kAcFt,1991,182348.0136248
GID Shortages,WW,2050s,PishkunAdd30kAcFt,1992,383569.6368611
GID Shortages,WW,2050s,PishkunAdd30kAcFt,1993,89082.6360444
GID Shortages,WW,2050s,PishkunAdd30kAcFt,1994,316245.2303533
GID Shortages,WW,2050s,PishkunAdd30kAcFt,1995,128135.4148908
GID Shortages,WW,2050s,PishkunAdd30kAcFt,1996,162883.9844984
GID Shortages,WW,2050s,PishkunAdd30kAcFt,1997,100251.0200775
GID Shortages,WW,2050s,PishkunAdd30kAcFt,1998,169607.3924268
GID Shortages,WW,2050s,PishkunAdd30kAcFt,1999,160275.6222749
GID Shortages,WW,2080s,PishkunAdd30kAcFt,1951,43947.1894184
GID Shortages,WW,2080s,PishkunAdd30kAcFt,1952,276448.2138935
GID Shortages,WW,2080s,PishkunAdd30kAcFt,1953,294111.8076315
GID Shortages,WW,2080s,PishkunAdd30kAcFt,1954,252136.4452442
GID Shortages,WW,2080s,PishkunAdd30kAcFt,1955,101298.5699233
GID Shortages,WW,2080s,PishkunAdd30kAcFt,1956,247331.8263591
GID Shortages,WW,2080s,PishkunAdd30kAcFt,1957,135134.406141
GID Shortages,WW,2080s,PishkunAdd30kAcFt,1958,170126.387187
GID Shortages,WW,2080s,PishkunAdd30kAcFt,1959,484075.4138254
GID Shortages,WW,2080s,PishkunAdd30kAcFt,1960,372169.4248544
GID Shortages,WW,2080s,PishkunAdd30kAcFt,1961,519852.9084955
GID Shortages,WW,2080s,PishkunAdd30kAcFt,1962,293731.9731265
GID Shortages,WW,2080s,PishkunAdd30kAcFt,1963,481630.4300258
GID Shortages,WW,2080s,PishkunAdd30kAcFt,1964,144161.2971192
GID Shortages,WW,2080s,PishkunAdd30kAcFt,1965,93931.4664758
GID Shortages,WW,2080s,PishkunAdd30kAcFt,1966,310710.0002937
GID Shortages,WW,2080s,PishkunAdd30kAcFt,1967,334123.4752147
GID Shortages,WW,2080s,PishkunAdd30kAcFt,1968,275767.0109567
GID Shortages,WW,2080s,PishkunAdd30kAcFt,1969,233024.1250182
GID Shortages,WW,2080s,PishkunAdd30kAcFt,1970,163847.4550509
GID Shortages,WW,2080s,PishkunAdd30kAcFt,1971,423077.8402542
GID Shortages,WW,2080s,PishkunAdd30kAcFt,1972,333469.8425109
GID Shortages,WW,2080s,PishkunAdd30kAcFt,1973,687058.9137933
GID Shortages,WW,2080s,PishkunAdd30kAcFt,1974,371091.0518848
GID Shortages,WW,2080s,PishkunAdd30kAcFt,1975,49050.419712
GID Shortages,WW,2080s,PishkunAdd30kAcFt,1976,358286.1265894
GID Shortages,WW,2080s,PishkunAdd30kAcFt,1977,263765.2521684
GID Shortages,WW,2080s,PishkunAdd30kAcFt,1978,105827.0897844
GID Shortages,WW,2080s,PishkunAdd30kAcFt,1979,401578.0766933
GID Shortages,WW,2080s,PishkunAdd30kAcFt,1980,198402.2396395
GID Shortages,WW,2080s,PishkunAdd30kAcFt,1981,302748.0541932
GID Shortages,WW,2080s,PishkunAdd30kAcFt,1982,95096.6360926
GID Shortages,WW,2080s,PishkunAdd30kAcFt,1983,336593.6094139
GID Shortages,WW,2080s,PishkunAdd30kAcFt,1984,542033.557638
GID Shortages,WW,2080s,PishkunAdd30kAcFt,1985,383166.3775754
GID Shortages,WW,2080s,PishkunAdd30kAcFt,1986,498716.2786222
GID Shortages,WW,2080s,PishkunAdd30kAcFt,1987,292438.5325048
GID Shortages,WW,2080s,PishkunAdd30kAcFt,1988,361057.2721958
GID Shortages,WW,2080s,PishkunAdd30kAcFt,1989,113928.6920076
GID Shortages,WW,2080s,PishkunAdd30kAcFt,1990,237115.9641241
GID Shortages,WW,2080s,PishkunAdd30kAcFt,1991,286434.092782
GID Shortages,WW,2080s,PishkunAdd30kAcFt,1992,412664.9401094
GID Shortages,WW,2080s,PishkunAdd30kAcFt,1993,87805.2020256
GID Shortages,WW,2080s,PishkunAdd30kAcFt,1994,318315.8341904
GID Shortages,WW,2080s,PishkunAdd30kAcFt,1995,165324.7633416
GID Shortages,WW,2080s,PishkunAdd30kAcFt,1996,233966.9079786
GID Shortages,WW,2080s,PishkunAdd30kAcFt,1997,85133.2299192
GID Shortages,WW,2080s,PishkunAdd30kAcFt,1998,202670.2505508
GID Shortages,WW,2080s,PishkunAdd30kAcFt,1999,211473.5846253
